Metric,Value
年化收益率,0.05980416153123291
年化波动率,0.14840169365462202
最大回撤,-0.2681527069486929
夏普比率,0.23452671377345108
Beta,0.620992722361682
Alpha,3.888804749526224e-05
